0,1,2,3,4,5,6,7,8,9,10,11
1,Toyota Land Cruiser Prado 250 Series,12 049 000 ₽,2024,Новый,2.4 л,279,Бензин,автомат,внедорожник 5 дв.,полный,VX
2,Toyota RAV4 I (XA10),250 000 ₽,1995,300 000 км,2.0 л,135,Бензин,автомат,внедорожник 5 дв.,полный,серый
3,Toyota bB II Рестайлинг,12 049 000 ₽,2009,134 000 км,1.3 л,92,Бензин,автомат,компактвэн,передний,белый
4,Toyota Ractis II,900 000 ₽,2015,120 000 км,1.5 л,103,Бензин,вариатор,хэтчбек 5 дв.,полный,белый
5,Toyota Esquire I,1 900 000 ₽,2015,67 422 км,1.8 л,99,Гибрид,вариатор,минивэн,передний,белый
6,Toyota Prius Alpha I (ZVW40/41) Рестайлинг,1 900 000 ₽,2018,95 550 км,1.8 л,99,Гибрид,автомат,универсал 5 дв.,передний,белый
7,Toyota Crown Kluger,6 799 000 ₽,2024,Новый,2.0 л,248,Бензин,автомат,внедорожник 5 дв.,полный,Enjoy
8,Toyota Highlander III (U50),2 600 000 ₽,2014,174 000 км,3.5 л,249,Бензин,автомат,внедорожник 5 дв.,полный,серебристый
9,Toyota Premio I (T24),680 000 ₽,2003,100 000 км,1.8 л,132,Бензин,автомат,седан,передний,серый
10,Toyota Vista V (V50),12 049 000 ₽,2000,220 000 км,1.8 л,130,Бензин,автомат,седан,передний,серый
11,Toyota Venza I Рестайлинг,12 049 000 ₽,2014,280 000 км,2.7 л,185,Бензин,автомат,внедорожник 5 дв.,полный,белый
12,Toyota Camry IX (XV80) China Market,4 299 000 ₽,2024,Новый,2.0 л,173,Бензин,вариатор,седан,передний,Sport
13,Toyota Allion II,12 049 000 ₽,2010,162 000 км,1.5 л,109,Бензин,вариатор,седан,передний,белый
14,Toyota Venza I Рестайлинг,2 625 000 ₽,2014,130 000 км,2.7 л,185,Бензин,автомат,внедорожник 5 дв.,полный,белый
15,Toyota ISis I,869 999 ₽,2006,365 000 км,1.8 л,132,Бензин,автомат,компактвэн,передний,белый
16,Toyota Camry V (XV30) Рестайлинг,12 049 000 ₽,2004,350 000 км,2.4 л,159,Бензин,автомат,седан,передний,серый
17,Toyota Highlander II (U40),2 000 000 ₽,2009,168 870 км,2.7 л,189,Бензин,автомат,внедорожник 5 дв.,передний,серебристый
18,Toyota Harrier II (XU30),12 049 000 ₽,2007,92 000 км,2.4 л,160,Бензин,автомат,внедорожник 5 дв.,полный,чёрный
19,Toyota Ractis II,1 149 000 ₽,2013,52 000 км,1.5 л,109,Бензин,вариатор,хэтчбек 5 дв.,передний,синий
20,Toyota Avensis II Рестайлинг,735 000 ₽,2007,100 000 км,1.8 л,129,Бензин,автомат,седан,передний,серебристый
21,Toyota Land Cruiser 200 Series,2 550 000 ₽,2011,293 316 км,4.5 л,235,Дизель,автомат,внедорожник 5 дв.,полный,золотистый
22,Toyota Highlander II (U40) Рестайлинг,1 637 000 ₽,2011,221 000 км,3.5 л,273,Бензин,автомат,внедорожник 5 дв.,полный,красный
23,Toyota Ractis I,12 049 000 ₽,2006,342 000 км,1.5 л,110,Бензин,вариатор,хэтчбек 5 дв.,передний,чёрный
24,Toyota Ractis II,1 050 000 ₽,2011,111 500 км,1.5 л,109,Бензин,вариатор,хэтчбек 5 дв.,передний,серый
25,Toyota Camry IX (XV80) China Market,4 699 000 ₽,2024,Новый,2.0 л,173,Бензин,вариатор,седан,передний,Sport
26,Toyota Land Cruiser Prado 250 Series,12 699 000 ₽,2024,Новый,2.4 л,279,Бензин,автомат,внедорожник 5 дв.,полный,VX-L
27,Toyota Land Cruiser Prado 4-speed 120 Series,2 100 000 ₽,2005,312 300 км,4.0 л,249,Бензин,автомат,внедорожник 5 дв.,полный,чёрный
28,Toyota Premio I (T24),12 049 000 ₽,2002,363 475 км,1.8 л,132,Бензин,автомат,седан,передний,серый
29,Toyota RAV4 II (XA20),12 049 000 ₽,2002,314 000 км,2.0 л,150,Бензин,автомат,внедорожник 5 дв.,полный,серебристый
30,Toyota Land Cruiser Prado 250 Series,10 500 000 ₽,2024,50 км,2.4 л,279,Бензин,автомат,внедорожник 5 дв.,полный,белый
31,Toyota Highlander I (U20) Рестайлинг,1 190 000 ₽,2004,10 000 км,2.4 л,157,Бензин,автомат,внедорожник 5 дв.,передний,чёрный
32,Toyota Voxy III (R80) Рестайлинг,2 590 000 ₽,2018,44 000 км,2.0 л,152,Бензин,вариатор,минивэн,полный,белый
33,Toyota Izoa I Рестайлинг,3 399 000 ₽,2023,Новый,2.0 л,171,Бензин,вариатор,внедорожник 5 дв.,передний,Индивидуальная
34,Toyota Prius Alpha I (ZVW40/41) Рестайлинг,1 700 000 ₽,2017,91 050 км,1.8 л,99,Гибрид,автомат,универсал 5 дв.,передний,серебристый
35,Toyota Highlander II (U40),2 050 000 ₽,2008,172 000 км,3.3 л,212,Гибрид,вариатор,внедорожник 5 дв.,полный,белый
36,Toyota Prius V (XW60),4 444 444 ₽,2023,15 000 км,2.0 л,152,Гибрид,автомат,лифтбек,передний,чёрный
37,Toyota Ractis I,770 000 ₽,2009,141 000 км,1.5 л,110,Бензин,вариатор,хэтчбек 5 дв.,передний,серебристый
38,Toyota Camry VII (XV50) Рестайлинг 2,920 000 ₽,2018,114 400 км,3.5 л,249,Бензин,автомат,седан,передний,коричневый
39,Toyota Camry VIII (XV70) Рестайлинг,3 650 000 ₽,2021,59 000 км,2.5 л,200,Бензин,автомат,седан,передний,белый
40,Toyota Land Cruiser Prado 150 Series Рестайлинг 3,7 450 000 ₽,2021,63 000 км,2.8 л,200,Дизель,автомат,внедорожник 5 дв.,полный,чёрный
41,Toyota Ipsum II (M20),920 000 ₽,2003,220 000 км,2.4 л,160,Бензин,автомат,компактвэн,передний,белый
42,Toyota Prius c I Рестайлинг,920 000 ₽,2016,76 000 км,1.5 л,73,Гибрид,автомат,хэтчбек 5 дв.,передний,чёрный
43,Toyota Corona IX (T190),920 000 ₽,1995,207 650 км,1.8 л,125,Бензин,автомат,седан,передний,белый
44,Toyota Carina VII (T210),455 000 ₽,1997,220 000 км,1.8 л,115,Бензин,автомат,седан,передний,серебристый
45,Toyota Corona Premio X (T210),460 000 ₽,1998,382 000 км,2.0 л,145,Бензин,автомат,седан,передний,белый
46,Toyota Camry VII (XV50) Рестайлинг,2 700 000 ₽,2015,84 000 км,2.5 л,181,Бензин,автомат,седан,передний,чёрный
47,Toyota Allion I Рестайлинг,550 000 ₽,2006,215 000 км,1.8 л,125,Бензин,автомат,седан,полный,серебристый
48,Toyota Prius c I Рестайлинг,1 500 000 ₽,2016,56 000 км,1.5 л,73,Гибрид,автомат,хэтчбек 5 дв.,передний,белый
49,Toyota Prius Alpha I (ZVW40/41) Рестайлинг,1 333 333 ₽,2014,219 000 км,1.8 л,99,Гибрид,автомат,универсал 5 дв.,передний,чёрный
50,Toyota Land Cruiser Prado 250 Series,8 999 000 ₽,2024,Новый,2.7 л,163,Бензин,автомат,внедорожник 5 дв.,полный,Комфорт Плюс
51,Toyota Highlander II (U40) Рестайлинг,920 000 ₽,2011,275 100 км,3.5 л,273,Бензин,автомат,внедорожник 5 дв.,полный,чёрный
52,Toyota RAV4 IV (XA40) Рестайлинг,2 015 000 ₽,2016,82 500 км,2.5 л,180,Бензин,автомат,внедорожник 5 дв.,полный,красный
53,Toyota RAV4 III (XA30) Рестайлинг,920 000 ₽,2011,160 000 км,2.0 л,148,Бензин,вариатор,внедорожник 5 дв.,полный,серебристый
54,Toyota Land Cruiser Prado 250 Series,10 010 000 ₽,2024,Новый,2.7 л,163,Бензин,автомат,внедорожник 5 дв.,полный,Комфорт Плюс
55,Toyota RAV4 IV (XA40),1 644 000 ₽,2013,140 769 км,2.5 л,176,Бензин,автомат,внедорожник 5 дв.,передний,красный
56,Toyota Fortuner II,2 800 000 ₽,2017,305 000 км,2.8 л,177,Дизель,автомат,внедорожник 5 дв.,полный,серебристый
57,Toyota Voxy II (R70),1 190 000 ₽,2008,208 000 км,2.0 л,143,Бензин,вариатор,минивэн,передний,серый
58,Toyota Ractis I,920 000 ₽,2007,235 700 км,1.5 л,110,Бензин,вариатор,хэтчбек 5 дв.,передний,белый
59,Toyota Land Cruiser Prado 250 Series,10 010 000 ₽,2024,Новый,2.7 л,163,Бензин,автомат,внедорожник 5 дв.,полный,Комфорт Плюс
60,Toyota Corolla Spacio I,545 000 ₽,1998,299 989 км,1.8 л,120,Бензин,автомат,компактвэн,полный,белый
61,Toyota Crown Kluger,6 949 000 ₽,2024,Новый,2.0 л,248,Бензин,автомат,внедорожник 5 дв.,полный,Enjoy
62,Toyota Land Cruiser Prado 250 Series,11 449 000 ₽,2024,Новый,2.8 л,204,Дизель,автомат,внедорожник 5 дв.,полный,VX
63,Toyota Avensis III,900 000 ₽,2009,225 000 км,2.0 л,152,Бензин,вариатор,седан,передний,чёрный
64,Toyota RAV4 III (XA30),920 000 ₽,2008,191 988 км,2.0 л,152,Бензин,автомат,внедорожник 5 дв.,полный,красный
65,Toyota Prius Alpha I (ZVW40/41) Рестайлинг,920 000 ₽,2019,119 200 км,1.8 л,99,Гибрид,автомат,универсал 5 дв.,передний,синий
66,Toyota Harrier III (XU60) Рестайлинг,3 600 000 ₽,2020,52 000 км,2.0 л,151,Бензин,вариатор,внедорожник 5 дв.,полный,белый
67,Toyota Avensis II,559 000 ₽,2006,220 000 км,2.0 л,147,Бензин,автомат,седан,передний,серебристый
68,Toyota Land Cruiser 80 Series,995 000 ₽,1994,501 000 км,4.5 л,215,Бензин,автомат,внедорожник 5 дв.,полный,зелёный
69,Toyota Fortuner II,3 300 000 ₽,2018,114 350 км,2.7 л,166,Бензин,механика,внедорожник 5 дв.,полный,чёрный
70,Toyota Land Cruiser 200 Series,920 000 ₽,2008,365 000 км,4.7 л,288,Бензин,автомат,внедорожник 5 дв.,полный,чёрный
71,Toyota Land Cruiser Prado 250 Series,10 500 000 ₽,2024,Новый,2.8 л,204,Дизель,автомат,внедорожник 5 дв.,полный,TX-L
72,Toyota RAV4 III (XA30),1 000 000 ₽,2006,200 000 км,2.0 л,152,Бензин,автомат,внедорожник 5 дв.,полный,серебристый
73,Toyota Premio I (T24),650 000 ₽,2003,88 000 км,1.8 л,132,Бензин,автомат,седан,передний,серый
74,Toyota Harrier III (XU60) Рестайлинг,3 590 000 ₽,2018,49 000 км,2.0 л,231,Бензин,автомат,внедорожник 5 дв.,полный,белый
75,Toyota Land Cruiser Prado 250 Series,12 049 000 ₽,2024,Новый,2.4 л,279,Бензин,автомат,внедорожник 5 дв.,полный,VX
76,Toyota RAV4 I (XA10),250 000 ₽,1995,300 000 км,2.0 л,135,Бензин,автомат,внедорожник 5 дв.,полный,серый
77,Toyota bB II Рестайлинг,12 049 000 ₽,2009,134 000 км,1.3 л,92,Бензин,автомат,компактвэн,передний,белый
78,Toyota Ractis II,900 000 ₽,2015,120 000 км,1.5 л,103,Бензин,вариатор,хэтчбек 5 дв.,полный,белый
79,Toyota Esquire I,1 900 000 ₽,2015,67 422 км,1.8 л,99,Гибрид,вариатор,минивэн,передний,белый
80,Toyota Prius Alpha I (ZVW40/41) Рестайлинг,1 900 000 ₽,2018,95 550 км,1.8 л,99,Гибрид,автомат,универсал 5 дв.,передний,белый
81,Toyota Crown Kluger,6 799 000 ₽,2024,Новый,2.0 л,248,Бензин,автомат,внедорожник 5 дв.,полный,Enjoy
82,Toyota Highlander III (U50),2 600 000 ₽,2014,174 000 км,3.5 л,249,Бензин,автомат,внедорожник 5 дв.,полный,серебристый
83,Toyota Premio I (T24),680 000 ₽,2003,100 000 км,1.8 л,132,Бензин,автомат,седан,передний,серый
84,Toyota Vista V (V50),12 049 000 ₽,2000,220 000 км,1.8 л,130,Бензин,автомат,седан,передний,серый
85,Toyota Venza I Рестайлинг,12 049 000 ₽,2014,280 000 км,2.7 л,185,Бензин,автомат,внедорожник 5 дв.,полный,белый
86,Toyota Camry IX (XV80) China Market,4 299 000 ₽,2024,Новый,2.0 л,173,Бензин,вариатор,седан,передний,Sport
87,Toyota Allion II,12 049 000 ₽,2010,162 000 км,1.5 л,109,Бензин,вариатор,седан,передний,белый
88,Toyota Venza I Рестайлинг,2 625 000 ₽,2014,130 000 км,2.7 л,185,Бензин,автомат,внедорожник 5 дв.,полный,белый
89,Toyota ISis I,869 999 ₽,2006,365 000 км,1.8 л,132,Бензин,автомат,компактвэн,передний,белый
90,Toyota Camry V (XV30) Рестайлинг,12 049 000 ₽,2004,350 000 км,2.4 л,159,Бензин,автомат,седан,передний,серый
91,Toyota Highlander II (U40),2 000 000 ₽,2009,168 870 км,2.7 л,189,Бензин,автомат,внедорожник 5 дв.,передний,серебристый
92,Toyota Harrier II (XU30),12 049 000 ₽,2007,92 000 км,2.4 л,160,Бензин,автомат,внедорожник 5 дв.,полный,чёрный
93,Toyota Ractis II,1 149 000 ₽,2013,52 000 км,1.5 л,109,Бензин,вариатор,хэтчбек 5 дв.,передний,синий
94,Toyota Avensis II Рестайлинг,735 000 ₽,2007,100 000 км,1.8 л,129,Бензин,автомат,седан,передний,серебристый
95,Toyota Land Cruiser 200 Series,2 550 000 ₽,2011,293 316 км,4.5 л,235,Дизель,автомат,внедорожник 5 дв.,полный,золотистый
96,Toyota Highlander II (U40) Рестайлинг,1 637 000 ₽,2011,221 000 км,3.5 л,273,Бензин,автомат,внедорожник 5 дв.,полный,красный
97,Toyota Ractis I,12 049 000 ₽,2006,342 000 км,1.5 л,110,Бензин,вариатор,хэтчбек 5 дв.,передний,чёрный
98,Toyota Ractis II,1 050 000 ₽,2011,111 500 км,1.5 л,109,Бензин,вариатор,хэтчбек 5 дв.,передний,серый
99,Toyota Camry IX (XV80) China Market,4 699 000 ₽,2024,Новый,2.0 л,173,Бензин,вариатор,седан,передний,Sport
100,Toyota Land Cruiser Prado 250 Series,12 699 000 ₽,2024,Новый,2.4 л,279,Бензин,автомат,внедорожник 5 дв.,полный,VX-L
101,Toyota Land Cruiser Prado 4-speed 120 Series,2 100 000 ₽,2005,312 300 км,4.0 л,249,Бензин,автомат,внедорожник 5 дв.,полный,чёрный
102,Toyota Premio I (T24),12 049 000 ₽,2002,363 475 км,1.8 л,132,Бензин,автомат,седан,передний,серый
103,Toyota RAV4 II (XA20),12 049 000 ₽,2002,314 000 км,2.0 л,150,Бензин,автомат,внедорожник 5 дв.,полный,серебристый
104,Toyota Land Cruiser Prado 250 Series,10 500 000 ₽,2024,50 км,2.4 л,279,Бензин,автомат,внедорожник 5 дв.,полный,белый
105,Toyota Highlander I (U20) Рестайлинг,1 190 000 ₽,2004,10 000 км,2.4 л,157,Бензин,автомат,внедорожник 5 дв.,передний,чёрный
106,Toyota Voxy III (R80) Рестайлинг,2 590 000 ₽,2018,44 000 км,2.0 л,152,Бензин,вариатор,минивэн,полный,белый
107,Toyota Izoa I Рестайлинг,3 399 000 ₽,2023,Новый,2.0 л,171,Бензин,вариатор,внедорожник 5 дв.,передний,Индивидуальная
108,Toyota Prius Alpha I (ZVW40/41) Рестайлинг,1 700 000 ₽,2017,91 050 км,1.8 л,99,Гибрид,автомат,универсал 5 дв.,передний,серебристый
109,Toyota Highlander II (U40),2 050 000 ₽,2008,172 000 км,3.3 л,212,Гибрид,вариатор,внедорожник 5 дв.,полный,белый
110,Toyota Prius V (XW60),4 444 444 ₽,2023,15 000 км,2.0 л,152,Гибрид,автомат,лифтбек,передний,чёрный
111,Toyota Ractis I,770 000 ₽,2009,141 000 км,1.5 л,110,Бензин,вариатор,хэтчбек 5 дв.,передний,серебристый
112,Toyota Camry VIII (XV70) Рестайлинг,4 870 000 ₽,2022,23 000 км,3.5 л,249,Бензин,автомат,седан,передний,белый
113,Toyota Corolla XII (E210),1 415 000 ₽,2021,29 000 км,1.2 л,116,Бензин,вариатор,седан,передний,белый
114,Toyota Harrier IV (XU80),999 999 ₽,2022,37 000 км,2.5 л,178,Гибрид,вариатор,внедорожник 5 дв.,полный,белый
115,Toyota Chaser VI (X100),999 999 ₽,1997,300 000 км,2.5 л,200,Бензин,автомат,седан,задний,белый
116,Toyota Prius c I Рестайлинг,999 999 ₽,2016,76 000 км,1.5 л,73,Гибрид,автомат,хэтчбек 5 дв.,передний,чёрный
117,Toyota Corona Premio X (T210),460 000 ₽,1998,382 000 км,2.0 л,145,Бензин,автомат,седан,передний,белый
118,Toyota Camry VII (XV50) Рестайлинг,2 700 000 ₽,2015,84 000 км,2.5 л,181,Бензин,автомат,седан,передний,чёрный
119,Toyota Allion I Рестайлинг,550 000 ₽,2006,215 000 км,1.8 л,125,Бензин,автомат,седан,полный,серебристый
120,Toyota Prius c I Рестайлинг,1 500 000 ₽,2016,56 000 км,1.5 л,73,Гибрид,автомат,хэтчбек 5 дв.,передний,белый
121,Toyota Prius Alpha I (ZVW40/41) Рестайлинг,1 333 333 ₽,2014,219 000 км,1.8 л,99,Гибрид,автомат,универсал 5 дв.,передний,чёрный
122,Toyota Land Cruiser Prado 250 Series,8 999 000 ₽,2024,Новый,2.7 л,163,Бензин,автомат,внедорожник 5 дв.,полный,Комфорт Плюс
123,Toyota RAV4 IV (XA40) Рестайлинг,1 980 000 ₽,2016,82 500 км,2.5 л,180,Бензин,автомат,внедорожник 5 дв.,полный,красный
124,Toyota Highlander II (U40) Рестайлинг,999 999 ₽,2011,275 100 км,3.5 л,273,Бензин,автомат,внедорожник 5 дв.,полный,чёрный
125,Toyota RAV4 III (XA30) Рестайлинг,999 999 ₽,2011,160 000 км,2.0 л,148,Бензин,вариатор,внедорожник 5 дв.,полный,серебристый
126,Toyota Land Cruiser Prado 250 Series,10 010 000 ₽,2024,Новый,2.7 л,163,Бензин,автомат,внедорожник 5 дв.,полный,Комфорт Плюс
127,Toyota RAV4 IV (XA40),1 644 000 ₽,2013,140 769 км,2.5 л,176,Бензин,автомат,внедорожник 5 дв.,передний,красный
128,Toyota Fortuner II,2 800 000 ₽,2017,305 000 км,2.8 л,177,Дизель,автомат,внедорожник 5 дв.,полный,серебристый
129,Toyota Voxy II (R70),1 190 000 ₽,2008,208 000 км,2.0 л,143,Бензин,вариатор,минивэн,передний,серый
130,Toyota Ractis I,999 999 ₽,2007,235 700 км,1.5 л,110,Бензин,вариатор,хэтчбек 5 дв.,передний,белый
131,Toyota Land Cruiser Prado 250 Series,10 010 000 ₽,2024,Новый,2.7 л,163,Бензин,автомат,внедорожник 5 дв.,полный,Комфорт Плюс
132,Toyota Crown Kluger,6 949 000 ₽,2024,Новый,2.0 л,248,Бензин,автомат,внедорожник 5 дв.,полный,Enjoy
133,Toyota Land Cruiser Prado 250 Series,11 449 000 ₽,2024,Новый,2.8 л,204,Дизель,автомат,внедорожник 5 дв.,полный,VX
134,Toyota Avensis III,900 000 ₽,2009,225 000 км,2.0 л,152,Бензин,вариатор,седан,передний,чёрный
135,Toyota RAV4 III (XA30),999 999 ₽,2008,191 988 км,2.0 л,152,Бензин,автомат,внедорожник 5 дв.,полный,красный
136,Toyota Prius Alpha I (ZVW40/41) Рестайлинг,999 999 ₽,2019,119 200 км,1.8 л,99,Гибрид,автомат,универсал 5 дв.,передний,синий
137,Toyota Harrier III (XU60) Рестайлинг,3 600 000 ₽,2020,52 000 км,2.0 л,151,Бензин,вариатор,внедорожник 5 дв.,полный,белый
138,Toyota Avensis II,559 000 ₽,2006,220 000 км,2.0 л,147,Бензин,автомат,седан,передний,серебристый
139,Toyota Land Cruiser 80 Series,995 000 ₽,1994,501 000 км,4.5 л,215,Бензин,автомат,внедорожник 5 дв.,полный,зелёный
140,Toyota Fortuner II,3 300 000 ₽,2018,114 350 км,2.7 л,166,Бензин,механика,внедорожник 5 дв.,полный,чёрный
141,Toyota Land Cruiser 200 Series,999 999 ₽,2008,365 000 км,4.7 л,288,Бензин,автомат,внедорожник 5 дв.,полный,чёрный
142,Toyota Land Cruiser Prado 250 Series,10 500 000 ₽,2024,Новый,2.8 л,204,Дизель,автомат,внедорожник 5 дв.,полный,TX-L
143,Toyota Premio I (T24),650 000 ₽,2003,88 000 км,1.8 л,132,Бензин,автомат,седан,передний,серый
144,Toyota Harrier III (XU60) Рестайлинг,3 590 000 ₽,2018,49 000 км,2.0 л,231,Бензин,автомат,внедорожник 5 дв.,полный,белый
145,Toyota Land Cruiser Prado 250 Series,12 049 000 ₽,2024,Новый,2.4 л,279,Бензин,автомат,внедорожник 5 дв.,полный,VX
146,Toyota RAV4 I (XA10),250 000 ₽,1995,300 000 км,2.0 л,135,Бензин,автомат,внедорожник 5 дв.,полный,серый
147,Toyota bB II Рестайлинг,999 999 ₽,2009,134 000 км,1.3 л,92,Бензин,автомат,компактвэн,передний,белый
148,Toyota Ractis II,900 000 ₽,2015,120 000 км,1.5 л,103,Бензин,вариатор,хэтчбек 5 дв.,полный,белый
149,Toyota Esquire I,1 900 000 ₽,2015,67 422 км,1.8 л,99,Гибрид,вариатор,минивэн,передний,белый
150,Toyota RAV4 III (XA30),1 000 000 ₽,2006,200 000 км,2.0 л,152,Бензин,автомат,внедорожник 5 дв.,полный,серебристый
151,Toyota Prius Alpha I (ZVW40/41) Рестайлинг,1 900 000 ₽,2018,95 550 км,1.8 л,99,Гибрид,автомат,универсал 5 дв.,передний,белый
152,Toyota Crown Kluger,6 799 000 ₽,2024,Новый,2.0 л,248,Бензин,автомат,внедорожник 5 дв.,полный,Enjoy
153,Toyota Highlander III (U50),2 600 000 ₽,2014,174 000 км,3.5 л,249,Бензин,автомат,внедорожник 5 дв.,полный,серебристый
154,Toyota Premio I (T24),680 000 ₽,2003,100 000 км,1.8 л,132,Бензин,автомат,седан,передний,серый
155,Toyota Vista V (V50),1 900 000 ₽,2000,220 000 км,1.8 л,130,Бензин,автомат,седан,передний,серый
156,Toyota Venza I Рестайлинг,1 900 000 ₽,2014,280 000 км,2.7 л,185,Бензин,автомат,внедорожник 5 дв.,полный,белый
157,Toyota Camry IX (XV80) China Market,4 299 000 ₽,2024,Новый,2.0 л,173,Бензин,вариатор,седан,передний,Sport
158,Toyota Allion II,1 900 000 ₽,2010,162 000 км,1.5 л,109,Бензин,вариатор,седан,передний,белый
159,Toyota Venza I Рестайлинг,2 625 000 ₽,2014,130 000 км,2.7 л,185,Бензин,автомат,внедорожник 5 дв.,полный,белый
160,Toyota ISis I,869 999 ₽,2006,365 000 км,1.8 л,132,Бензин,автомат,компактвэн,передний,белый
161,Toyota Camry V (XV30) Рестайлинг,1 900 000 ₽,2004,350 000 км,2.4 л,159,Бензин,автомат,седан,передний,серый
162,Toyota Highlander II (U40),2 000 000 ₽,2009,168 870 км,2.7 л,189,Бензин,автомат,внедорожник 5 дв.,передний,серебристый
163,Toyota Harrier II (XU30),1 900 000 ₽,2007,92 000 км,2.4 л,160,Бензин,автомат,внедорожник 5 дв.,полный,чёрный
164,Toyota Land Cruiser Prado 250 Series,10 500 000 ₽,2024,50 км,2.4 л,279,Бензин,автомат,внедорожник 5 дв.,полный,белый
165,Toyota Ractis II,1 149 000 ₽,2013,52 000 км,1.5 л,109,Бензин,вариатор,хэтчбек 5 дв.,передний,синий
166,Toyota Land Cruiser 200 Series,2 550 000 ₽,2011,293 316 км,4.5 л,235,Дизель,автомат,внедорожник 5 дв.,полный,золотистый
167,Toyota Highlander II (U40) Рестайлинг,1 637 000 ₽,2011,221 000 км,3.5 л,273,Бензин,автомат,внедорожник 5 дв.,полный,красный
168,Toyota Ractis I,1 900 000 ₽,2006,342 000 км,1.5 л,110,Бензин,вариатор,хэтчбек 5 дв.,передний,чёрный
169,Toyota Ractis II,1 050 000 ₽,2011,111 500 км,1.5 л,109,Бензин,вариатор,хэтчбек 5 дв.,передний,серый
170,Toyota Camry IX (XV80) China Market,4 699 000 ₽,2024,Новый,2.0 л,173,Бензин,вариатор,седан,передний,Sport
171,Toyota Land Cruiser Prado 250 Series,12 699 000 ₽,2024,Новый,2.4 л,279,Бензин,автомат,внедорожник 5 дв.,полный,VX-L
214,Toyota Alphard III,3 650 000 ₽,2015,170 000 км,2.5 л,152,Гибрид,вариатор,минивэн,полный,белый
172,Toyota Land Cruiser Prado 4-speed 120 Series,2 100 000 ₽,2005,312 300 км,4.0 л,249,Бензин,автомат,внедорожник 5 дв.,полный,чёрный
173,Toyota Premio I (T24),1 900 000 ₽,2002,363 475 км,1.8 л,132,Бензин,автомат,седан,передний,серый
174,Toyota RAV4 II (XA20),1 900 000 ₽,2002,314 000 км,2.0 л,150,Бензин,автомат,внедорожник 5 дв.,полный,серебристый
175,Toyota Avensis II Рестайлинг,735 000 ₽,2007,100 000 км,1.8 л,129,Бензин,автомат,седан,передний,серебристый
176,Toyota Highlander I (U20) Рестайлинг,1 190 000 ₽,2004,10 000 км,2.4 л,157,Бензин,автомат,внедорожник 5 дв.,передний,чёрный
177,Toyota Voxy III (R80) Рестайлинг,2 590 000 ₽,2018,44 000 км,2.0 л,152,Бензин,вариатор,минивэн,полный,белый
178,Toyota Izoa I Рестайлинг,3 399 000 ₽,2023,Новый,2.0 л,171,Бензин,вариатор,внедорожник 5 дв.,передний,Индивидуальная
179,Toyota Prius Alpha I (ZVW40/41) Рестайлинг,1 700 000 ₽,2017,91 050 км,1.8 л,99,Гибрид,автомат,универсал 5 дв.,передний,серебристый
180,Toyota Highlander II (U40),2 050 000 ₽,2008,172 000 км,3.3 л,212,Гибрид,вариатор,внедорожник 5 дв.,полный,белый
181,Toyota Prius V (XW60),4 444 444 ₽,2023,15 000 км,2.0 л,152,Гибрид,автомат,лифтбек,передний,чёрный
182,Toyota Harrier III (XU60) Рестайлинг,2 850 000 ₽,2017,93 000 км,2.0 л,151,Бензин,вариатор,внедорожник 5 дв.,передний,серый
183,Toyota Prius III (XW30),1 900 000 ₽,2011,295 000 км,1.8 л,99,Гибрид,автомат,лифтбек,передний,серый
184,Toyota Highlander II (U40),1 900 000 ₽,2008,158 485 км,3.3 л,212,Гибрид,вариатор,внедорожник 5 дв.,полный,серебристый
185,Toyota Prius Alpha I (ZVW40/41),1 420 000 ₽,2012,168 000 км,1.8 л,99,Гибрид,автомат,универсал 5 дв.,передний,голубой
186,Toyota Ractis II,1 199 000 ₽,2012,67 000 км,1.3 л,99,Бензин,вариатор,хэтчбек 5 дв.,передний,серый
187,Toyota Sequoia II,4 349 000 ₽,2011,92 845 км,5.7 л,381,Бензин,автомат,внедорожник 5 дв.,полный,белый
188,Toyota Allex I Рестайлинг,1 199 000 ₽,2002,316 580 км,1.5 л,105,Бензин,автомат,хэтчбек 5 дв.,полный,серый
189,Toyota RAV4 IV (XA40),1 199 000 ₽,2013,252 000 км,2.0 л,146,Бензин,вариатор,внедорожник 5 дв.,полный,белый
190,Toyota Raize I,1 199 000 ₽,2020,6 000 км,1.0 л,98,Бензин,вариатор,внедорожник 5 дв.,передний,чёрный
191,Toyota Land Cruiser 200 Series Рестайлинг 1,1 199 000 ₽,2012,260 000 км,4.5 л,235,Дизель,автомат,внедорожник 5 дв.,полный,серебристый
192,Toyota ISis I,705 000 ₽,2008,303 109 км,1.8 л,132,Бензин,автомат,компактвэн,передний,серый
193,Toyota Alphard III,3 800 000 ₽,2016,143 000 км,2.5 л,152,Гибрид,вариатор,минивэн,полный,белый
194,Toyota Tundra Crew Max CrewMax III,9 200 000 ₽,2022,5 000 км,3.5 л,389,Бензин,автомат,пикап двойная кабина,полный,белый
195,Toyota Avensis III,1 150 000 ₽,2009,265 000 км,1.8 л,147,Бензин,механика,седан,передний,чёрный
196,Toyota Land Cruiser Prado 150 Series Рестайлинг 3,1 199 000 ₽,2022,39 000 км,2.7 л,163,Бензин,автомат,внедорожник 5 дв.,полный,белый
197,Toyota Hilux Surf IV,1 199 000 ₽,2003,273 000 км,2.7 л,150,Бензин,автомат,внедорожник 5 дв.,полный,серебристый
198,Toyota Highlander II (U40),2 000 000 ₽,2008,275 000 км,3.3 л,212,Гибрид,вариатор,внедорожник 5 дв.,полный,чёрный
199,Toyota Wish II Рестайлинг,1 550 000 ₽,2015,180 000 км,1.8 л,143,Бензин,вариатор,минивэн,передний,белый
200,Toyota Ractis I,900 000 ₽,2008,211 000 км,1.5 л,110,Бензин,вариатор,хэтчбек 5 дв.,передний,чёрный
201,Toyota Ipsum II (M20),920 000 ₽,2003,220 000 км,2.4 л,160,Бензин,автомат,компактвэн,передний,белый
202,Toyota Ractis I,770 000 ₽,2009,141 000 км,1.5 л,110,Бензин,вариатор,хэтчбек 5 дв.,передний,серебристый
203,Toyota Land Cruiser Prado 5-speed 120 Series,1 199 000 ₽,2005,316 000 км,4.0 л,249,Бензин,автомат,внедорожник 5 дв.,полный,серый
204,Toyota Highlander II (U40) Рестайлинг,2 150 000 ₽,2012,240 000 км,3.5 л,273,Бензин,автомат,внедорожник 5 дв.,полный,белый
205,Toyota Highlander III (U50),1 199 000 ₽,2014,107 200 км,3.5 л,249,Бензин,автомат,внедорожник 5 дв.,полный,белый
206,Toyota RAV4 IV (XA40),1 199 000 ₽,2013,198 000 км,2.0 л,146,Бензин,вариатор,внедорожник 5 дв.,полный,чёрный
207,Toyota Fortuner I,3 600 000 ₽,2014,160 000 км,2.7 л,163,Бензин,автомат,внедорожник 5 дв.,полный,чёрный
208,Toyota Camry VI (XV40),750 000 ₽,2006,455 000 км,2.4 л,167,Бензин,автомат,седан,передний,белый
209,Toyota Noah I (R60),867 000 ₽,2003,350 000 км,2.0 л,152,Бензин,автомат,минивэн,передний,чёрный
210,Toyota RAV4 III (XA30),1 010 000 ₽,2007,222 258 км,2.0 л,152,Бензин,автомат,внедорожник 5 дв.,полный,чёрный
211,Toyota Land Cruiser 200 Series,1 199 000 ₽,2011,210 000 км,4.5 л,235,Дизель,автомат,внедорожник 5 дв.,полный,белый
212,Toyota Land Cruiser Prado 250 Series,8 999 000 ₽,2024,Новый,2.7 л,163,Бензин,автомат,внедорожник 5 дв.,полный,Комфорт Плюс
213,Toyota Prius Alpha I (ZVW40/41),1 380 000 ₽,2011,189 000 км,1.8 л,99,Гибрид,автомат,универсал 5 дв.,передний,чёрный
215,Toyota Ractis II,960 000 ₽,2012,167 000 км,1.3 л,99,Бензин,вариатор,хэтчбек 5 дв.,передний,серый
216,Toyota Noah I (R60),800 000 ₽,2002,250 000 км,2.0 л,152,Бензин,автомат,минивэн,передний,красный
217,"Toyota Corolla IX (E120, E130) Рестайлинг",1 199 000 ₽,2004,433 500 км,1.5 л,109,Бензин,автомат,универсал 5 дв.,передний,серый
218,Toyota Allion II,1 150 000 ₽,2007,219 000 км,1.8 л,136,Бензин,вариатор,седан,передний,серый
219,Toyota Allex I Рестайлинг 2,580 000 ₽,2006,185 000 км,1.8 л,190,Бензин,автомат,хэтчбек 5 дв.,передний,белый
220,Toyota Aqua I Рестайлинг 2,1 550 000 ₽,2020,85 000 км,1.5 л,74,Гибрид,автомат,хэтчбек 5 дв.,передний,чёрный
221,Toyota Premio I (T24),700 000 ₽,2003,460 000 км,1.8 л,132,Бензин,автомат,седан,передний,чёрный
222,Toyota Highlander IV (U70),5 500 000 ₽,2024,8 км,2.0 л,248,Бензин,автомат,внедорожник 5 дв.,полный,чёрный
223,Toyota RAV4 IV (XA40),4 499 000 ₽,2013,84 053 км,2.0 л,146,Бензин,механика,внедорожник 5 дв.,полный,чёрный
224,Toyota Camry IX (XV80) China Market,4 499 000 ₽,2024,57 км,2.0 л,197,Гибрид,вариатор,седан,передний,белый
225,Toyota 4Runner II,1 500 000 ₽,1994,170 000 км,3.0 л,125,Дизель,механика,внедорожник 5 дв.,полный,серый
226,Toyota Camry V (XV30) Рестайлинг,750 000 ₽,2005,265 000 км,2.4 л,152,Бензин,автомат,седан,передний,серебристый
227,Toyota Prius c I Рестайлинг,4 499 000 ₽,2016,76 000 км,1.5 л,73,Гибрид,автомат,хэтчбек 5 дв.,передний,чёрный
228,Toyota ISis I Рестайлинг,1 070 000 ₽,2010,173 500 км,1.8 л,144,Бензин,вариатор,компактвэн,передний,серебристый
229,Toyota RAV4 IV (XA40) Рестайлинг,2 150 000 ₽,2016,82 500 км,2.5 л,180,Бензин,автомат,внедорожник 5 дв.,полный,красный
230,Toyota Allion I Рестайлинг,4 499 000 ₽,2006,215 000 км,1.8 л,125,Бензин,автомат,седан,полный,серебристый
231,Toyota Prius c I Рестайлинг,1 500 000 ₽,2016,56 000 км,1.5 л,73,Гибрид,автомат,хэтчбек 5 дв.,передний,белый
232,Toyota Prius Alpha I (ZVW40/41) Рестайлинг,1 300 000 ₽,2014,219 000 км,1.8 л,99,Гибрид,автомат,универсал 5 дв.,передний,чёрный
233,Toyota Camry VIII (XV70) Рестайлинг,3 650 000 ₽,2021,59 000 км,2.5 л,200,Бензин,автомат,седан,передний,белый
234,Toyota Vista Ardeo V (V50),620 000 ₽,1999,250 043 км,2.0 л,135,Бензин,автомат,универсал 5 дв.,полный,белый
235,"Toyota Corolla IX (E120, E130)",630 000 ₽,2001,381 800 км,1.5 л,110,Бензин,автомат,седан,передний,серый
236,Toyota Land Cruiser Prado 250 Series,8 999 000 ₽,2024,Новый,2.7 л,163,Бензин,автомат,внедорожник 5 дв.,полный,Комфорт Плюс
237,Toyota RAV4 IV (XA40),1 614 000 ₽,2013,140 769 км,2.5 л,176,Бензин,автомат,внедорожник 5 дв.,передний,красный
238,Toyota Estima III,4 499 000 ₽,2007,184 566 км,2.4 л,170,Бензин,вариатор,минивэн,полный,серебристый
239,Toyota Crown IX (S140),405 000 ₽,1992,373 000 км,2.5 л,180,Бензин,автомат,седан,задний,белый
240,Toyota Land Cruiser Prado 250 Series,10 010 000 ₽,2024,Новый,2.7 л,163,Бензин,автомат,внедорожник 5 дв.,полный,Комфорт Плюс
241,Toyota Voxy II (R70),1 190 000 ₽,2008,208 000 км,2.0 л,143,Бензин,вариатор,минивэн,передний,серый
242,Toyota Ractis I,4 499 000 ₽,2007,235 700 км,1.5 л,110,Бензин,вариатор,хэтчбек 5 дв.,передний,белый
243,Toyota Prius Alpha I (ZVW40/41) Рестайлинг,4 499 000 ₽,2019,119 200 км,1.8 л,99,Гибрид,автомат,универсал 5 дв.,передний,синий
244,Toyota Land Cruiser Prado 250 Series,10 010 000 ₽,2024,Новый,2.7 л,163,Бензин,автомат,внедорожник 5 дв.,полный,Комфорт Плюс
245,Toyota Land Cruiser 200 Series,4 499 000 ₽,2008,365 000 км,4.7 л,288,Бензин,автомат,внедорожник 5 дв.,полный,чёрный
246,Toyota Fortuner II,3 300 000 ₽,2018,114 350 км,2.7 л,166,Бензин,механика,внедорожник 5 дв.,полный,чёрный
247,Toyota Land Cruiser Prado 250 Series,11 449 000 ₽,2024,Новый,2.8 л,204,Дизель,автомат,внедорожник 5 дв.,полный,VX
248,Toyota Avensis III,900 000 ₽,2009,225 000 км,2.0 л,152,Бензин,вариатор,седан,передний,чёрный
249,Toyota Camry VIII (XV70) Рестайлинг,3 050 000 ₽,2021,60 000 км,3.5 л,249,Бензин,автомат,седан,передний,красный
250,Toyota RAV4 III (XA30) Рестайлинг,4 499 000 ₽,2011,160 000 км,2.0 л,148,Бензин,вариатор,внедорожник 5 дв.,полный,серебристый
251,Toyota Land Cruiser 80 Series,995 000 ₽,1994,501 000 км,4.5 л,215,Бензин,автомат,внедорожник 5 дв.,полный,зелёный
252,Toyota Land Cruiser Prado 250 Series,10 500 000 ₽,2024,Новый,2.8 л,204,Дизель,автомат,внедорожник 5 дв.,полный,TX-L
253,Toyota RAV4 III (XA30),1 000 000 ₽,2006,200 000 км,2.0 л,152,Бензин,автомат,внедорожник 5 дв.,полный,серебристый
254,Toyota bB II Рестайлинг,4 499 000 ₽,2009,134 000 км,1.3 л,92,Бензин,автомат,компактвэн,передний,белый
255,Toyota WiLL II (VS),4 499 000 ₽,2001,329 000 км,1.8 л,136,Бензин,автомат,хэтчбек 5 дв.,передний,серый
256,Toyota Venza I Рестайлинг,2 625 000 ₽,2014,130 000 км,2.7 л,185,Бензин,автомат,внедорожник 5 дв.,полный,белый
257,Toyota Ractis II,4 499 000 ₽,2015,120 000 км,1.5 л,103,Бензин,вариатор,хэтчбек 5 дв.,полный,белый
258,Toyota ISis I,869 999 ₽,2006,365 000 км,1.8 л,132,Бензин,автомат,компактвэн,передний,белый
259,Toyota Sequoia II,4 499 000 ₽,2011,92 845 км,5.7 л,381,Бензин,автомат,внедорожник 5 дв.,полный,белый
260,Toyota Highlander III (U50),2 600 000 ₽,2014,174 000 км,3.5 л,249,Бензин,автомат,внедорожник 5 дв.,полный,серебристый
261,Toyota Land Cruiser Prado 250 Series,12 049 000 ₽,2024,Новый,2.4 л,279,Бензин,автомат,внедорожник 5 дв.,полный,VX
262,Toyota Premio I (T24),650 000 ₽,2003,88 000 км,1.8 л,132,Бензин,автомат,седан,передний,серый
263,Toyota RAV4 I (XA10),250 000 ₽,1995,300 000 км,2.0 л,135,Бензин,автомат,внедорожник 5 дв.,полный,серый
264,"Toyota Corolla Fielder IX (E120, E130) Рестайлинг",520 000 ₽,2004,433 500 км,1.5 л,110,Бензин,автомат,универсал 5 дв.,передний,серый
265,Toyota Crown Kluger,6 149 000 ₽,2024,Новый,2.0 л,248,Бензин,автомат,внедорожник 5 дв.,полный,Energy Glorious
266,Toyota Harrier III (XU60) Рестайлинг,3 590 000 ₽,2018,49 000 км,2.0 л,231,Бензин,автомат,внедорожник 5 дв.,полный,белый
267,Toyota Crown Kluger,6 499 000 ₽,2024,Новый,2.0 л,248,Бензин,автомат,внедорожник 5 дв.,полный,Enjoy
268,Toyota Prius Alpha I (ZVW40/41) Рестайлинг,1 850 000 ₽,2018,95 550 км,1.8 л,99,Гибрид,автомат,универсал 5 дв.,передний,белый
269,Toyota RAV4 III (XA30) Рестайлинг,1 550 000 ₽,2010,123 500 км,2.0 л,158,Бензин,вариатор,внедорожник 5 дв.,полный,чёрный
270,Toyota Harrier II (XU30),2 600 000 ₽,2007,92 000 км,2.4 л,160,Бензин,автомат,внедорожник 5 дв.,полный,чёрный
271,Toyota Premio I (T24),680 000 ₽,2003,100 000 км,1.8 л,132,Бензин,автомат,седан,передний,серый
272,Toyota Highlander II (U40),2 000 000 ₽,2009,168 870 км,2.7 л,189,Бензин,автомат,внедорожник 5 дв.,передний,серебристый
273,Toyota Camry IX (XV80) China Market,4 299 000 ₽,2024,Новый,2.0 л,173,Бензин,вариатор,седан,передний,Sport
274,Toyota Allion II,2 600 000 ₽,2010,162 000 км,1.5 л,109,Бензин,вариатор,седан,передний,белый
275,Toyota Ractis I,2 600 000 ₽,2006,342 000 км,1.5 л,110,Бензин,вариатор,хэтчбек 5 дв.,передний,чёрный
276,Toyota Alphard III,3 800 000 ₽,2016,143 000 км,2.5 л,152,Гибрид,вариатор,минивэн,полный,белый
277,Toyota Camry V (XV30) Рестайлинг,2 600 000 ₽,2004,350 000 км,2.4 л,159,Бензин,автомат,седан,передний,серый
278,Toyota Venza I Рестайлинг,2 600 000 ₽,2014,280 000 км,2.7 л,185,Бензин,автомат,внедорожник 5 дв.,полный,белый
279,Toyota RAV4 III (XA30),2 600 000 ₽,2008,191 988 км,2.0 л,152,Бензин,автомат,внедорожник 5 дв.,полный,красный
280,Toyota Highlander II (U40) Рестайлинг,1 637 000 ₽,2011,221 000 км,3.5 л,273,Бензин,автомат,внедорожник 5 дв.,полный,красный
281,Toyota Land Cruiser 200 Series,2 600 000 ₽,2011,293 316 км,4.5 л,235,Дизель,автомат,внедорожник 5 дв.,полный,золотистый
282,Toyota Camry IX (XV80) China Market,4 699 000 ₽,2024,Новый,2.0 л,173,Бензин,вариатор,седан,передний,Sport
283,Toyota Land Cruiser 100 Series Рестайлинг 2,2 600 000 ₽,2007,318 000 км,4.2 л,204,Дизель,механика,внедорожник 5 дв.,полный,серый
284,Toyota Highlander I (U20) Рестайлинг,1 190 000 ₽,2004,10 000 км,2.4 л,157,Бензин,автомат,внедорожник 5 дв.,передний,чёрный
285,Toyota Land Cruiser Prado 250 Series,12 699 000 ₽,2024,Новый,2.4 л,279,Бензин,автомат,внедорожник 5 дв.,полный,VX-L
286,Toyota Ractis II,1 050 000 ₽,2011,111 500 км,1.5 л,109,Бензин,вариатор,хэтчбек 5 дв.,передний,серый
287,Toyota Premio I (T24),2 600 000 ₽,2002,363 475 км,1.8 л,132,Бензин,автомат,седан,передний,серый
288,Toyota Esquire I,1 850 000 ₽,2015,67 422 км,1.8 л,99,Гибрид,вариатор,минивэн,передний,белый
289,Toyota Land Cruiser Prado 4-speed 120 Series,2 100 000 ₽,2005,312 300 км,4.0 л,249,Бензин,автомат,внедорожник 5 дв.,полный,чёрный
290,Toyota Harrier III (XU60) Рестайлинг,2 850 000 ₽,2017,93 000 км,2.0 л,151,Бензин,вариатор,внедорожник 5 дв.,передний,серый
291,Toyota Izoa I Рестайлинг,3 399 000 ₽,2023,Новый,2.0 л,171,Бензин,вариатор,внедорожник 5 дв.,передний,Индивидуальная
292,Toyota Prius Alpha I (ZVW40/41) Рестайлинг,1 700 000 ₽,2017,91 050 км,1.8 л,99,Гибрид,автомат,универсал 5 дв.,передний,серебристый
293,Toyota Highlander II (U40),2 050 000 ₽,2008,172 000 км,3.3 л,212,Гибрид,вариатор,внедорожник 5 дв.,полный,белый
294,Toyota Prius II Рестайлинг (XW20),2 600 000 ₽,2007,230 000 км,1.5 л,76,Гибрид,автомат,лифтбек,передний,серебристый
295,Toyota Highlander II (U40) Рестайлинг,2 150 000 ₽,2012,240 000 км,3.5 л,273,Бензин,автомат,внедорожник 5 дв.,полный,белый
296,Toyota RAV4 IV (XA40) Рестайлинг,2 600 000 ₽,2016,84 000 км,2.0 л,146,Бензин,вариатор,внедорожник 5 дв.,полный,синий
297,Toyota Allex I Рестайлинг,685 000 ₽,2002,316 580 км,1.5 л,105,Бензин,автомат,хэтчбек 5 дв.,полный,серый
298,Toyota ISis I,685 000 ₽,2008,303 109 км,1.8 л,132,Бензин,автомат,компактвэн,передний,серый
299,Toyota Avensis II Рестайлинг,735 000 ₽,2007,100 000 км,1.8 л,129,Бензин,автомат,седан,передний,серебристый
300,Toyota Prius III (XW30),685 000 ₽,2011,295 000 км,1.8 л,99,Гибрид,автомат,лифтбек,передний,серый
301,Toyota Prius Alpha I (ZVW40/41),1 420 000 ₽,2012,168 000 км,1.8 л,99,Гибрид,автомат,универсал 5 дв.,передний,голубой
302,Toyota Ractis II,1 199 000 ₽,2012,67 000 км,1.3 л,99,Бензин,вариатор,хэтчбек 5 дв.,передний,серый
303,Toyota RAV4 III (XA30),950 000 ₽,2006,250 009 км,2.0 л,152,Бензин,автомат,внедорожник 5 дв.,полный,чёрный
304,Toyota Ractis I,900 000 ₽,2008,211 000 км,1.5 л,110,Бензин,вариатор,хэтчбек 5 дв.,передний,чёрный
305,Toyota Hilux Surf III,685 000 ₽,1996,652 323 км,2.7 л,150,Бензин,автомат,внедорожник 5 дв.,полный,красный
306,Toyota Land Cruiser Prado 5-speed 120 Series,685 000 ₽,2005,316 000 км,4.0 л,249,Бензин,автомат,внедорожник 5 дв.,полный,серый
307,Toyota Hilux Surf IV,685 000 ₽,2003,273 000 км,2.7 л,150,Бензин,автомат,внедорожник 5 дв.,полный,серебристый
308,Toyota Raize I,685 000 ₽,2020,6 000 км,1.0 л,98,Бензин,вариатор,внедорожник 5 дв.,передний,чёрный
309,Toyota Highlander III (U50),685 000 ₽,2014,107 200 км,3.5 л,249,Бензин,автомат,внедорожник 5 дв.,полный,белый
310,Toyota Verso I,685 000 ₽,2010,146 197 км,1.8 л,147,Бензин,вариатор,компактвэн,передний,серый
311,Toyota Tundra Crew Max CrewMax III,9 200 000 ₽,2022,5 000 км,3.5 л,389,Бензин,автомат,пикап двойная кабина,полный,белый
312,Toyota Ractis II,1 149 000 ₽,2013,52 000 км,1.5 л,109,Бензин,вариатор,хэтчбек 5 дв.,передний,синий
313,Toyota Highlander II (U40),2 000 000 ₽,2008,275 000 км,3.3 л,212,Гибрид,вариатор,внедорожник 5 дв.,полный,чёрный
314,Toyota RAV4 III (XA30),1 000 000 ₽,2007,222 258 км,2.0 л,152,Бензин,автомат,внедорожник 5 дв.,полный,чёрный
315,Toyota Vellfire II,685 000 ₽,2017,124 500 км,2.5 л,182,Бензин,вариатор,минивэн,полный,чёрный
316,Toyota Noah I (R60),867 000 ₽,2003,350 000 км,2.0 л,152,Бензин,автомат,минивэн,передний,чёрный
317,Toyota Ractis II,960 000 ₽,2012,167 000 км,1.3 л,99,Бензин,вариатор,хэтчбек 5 дв.,передний,серый
318,Toyota Corolla VIII (E110) Рестайлинг,685 000 ₽,1998,364 000 км,1.6 л,110,Бензин,автомат,седан,полный,белый
319,Toyota Land Cruiser 100 Series Рестайлинг 2,2 000 000 ₽,2007,268 000 км,4.2 л,204,Дизель,механика,внедорожник 5 дв.,полный,серебристый
320,Toyota Vista V (V50),685 000 ₽,2000,220 000 км,1.8 л,130,Бензин,автомат,седан,передний,серый
321,Toyota Noah I (R60),800 000 ₽,2002,250 000 км,2.0 л,152,Бензин,автомат,минивэн,передний,красный
322,Toyota RAV4 III (XA30),1 270 000 ₽,2009,127 500 км,2.0 л,152,Бензин,автомат,внедорожник 5 дв.,полный,синий
323,Toyota Land Cruiser 200 Series Рестайлинг 1,4 950 000 ₽,2013,167 000 км,4.6 л,309,Бензин,автомат,внедорожник 5 дв.,полный,чёрный
324,Toyota Allex I Рестайлинг 2,580 000 ₽,2006,185 000 км,1.8 л,190,Бензин,автомат,хэтчбек 5 дв.,передний,белый
325,Toyota Fortuner I,3 600 000 ₽,2014,160 000 км,2.7 л,163,Бензин,автомат,внедорожник 5 дв.,полный,чёрный
326,Toyota Land Cruiser 200 Series,685 000 ₽,2011,210 000 км,4.5 л,235,Дизель,автомат,внедорожник 5 дв.,полный,белый
327,Toyota Alphard III,3 650 000 ₽,2015,170 000 км,2.5 л,152,Гибрид,вариатор,минивэн,полный,белый
328,Toyota Grand HiAce I,1 250 000 ₽,2001,662 807 км,3.4 л,180,Бензин,автомат,минивэн,полный,серебристый
329,Toyota Land Cruiser Prado 250 Series,8 999 000 ₽,2024,Новый,2.7 л,163,Бензин,автомат,внедорожник 5 дв.,полный,Комфорт Плюс
330,Toyota Highlander II (U40),1 750 000 ₽,2008,158 485 км,3.3 л,212,Гибрид,вариатор,внедорожник 5 дв.,полный,серебристый
331,Toyota Prius Alpha I (ZVW40/41),1 380 000 ₽,2011,189 000 км,1.8 л,99,Гибрид,автомат,универсал 5 дв.,передний,чёрный
332,Toyota Land Cruiser 200 Series Рестайлинг 1,685 000 ₽,2012,260 000 км,4.5 л,235,Дизель,автомат,внедорожник 5 дв.,полный,серебристый
333,Toyota Land Cruiser 200 Series Рестайлинг 1,5 700 000 ₽,2014,49 000 км,4.0 л,243,Бензин,автомат,внедорожник 5 дв.,полный,белый
